id,email,password,created_at
550e8400-e29b-41d4-a716-446655440000,alice.wonder@example.com,alicepass123,2025-04-27T09:10:00Z
f47ac10b-58cc-4372-a567-0e02b2c3d479,brian.marks@example.com,securepass456,2025-04-27T09:20:00Z
7c9e6679-7425-40de-944b-e07fc1f90ae7,charlie.brown@example.com,passcharlie789,2025-04-27T09:30:00Z
9a1f6e3a-1c47-4b8e-8615-f55e6a2dfc11,diana.ross@example.com,secretpass321,2025-04-27T09:40:00Z
3b29db74-3170-49c2-905c-5fdc0ff9c091,emma.stone@example.com,emmastone234,2025-04-27T09:50:00Z
40205e71-7641-4fd1-8b01-38f08a64a33e,fred.perry@example.com,fredpass987,2025-04-27T10:00:00Z
9e214599-5026-455f-bab3-d9c124cf4ce8,george.bush@example.com,georgepass123,2025-04-27T10:10:00Z
e41e9dc5-5fc4-4749-a7a5-c6654b2b5d04,hannah.smith@example.com,hannahpass456,2025-04-27T10:20:00Z
47f1a9bb-4f6e-4237-bd26-bdd4e79a3d57,ian.somerhalder@example.com,ianpass789,2025-04-27T10:30:00Z
bfaf2be8-47dc-493b-81fc-d0cdd5f2ea84,jane.doe@example.com,janedoe456,2025-04-27T10:40:00Z
0e61a1c6-8c55-4d4c-9e02-82b8d5ff4c7c,karl.morris@example.com,karlpass234,2025-04-27T10:50:00Z
51c2a3aa-d0dc-4f24-8fdc-f41d5cf1793a,lisa.simpson@example.com,lisa1234,2025-04-27T11:00:00Z
348cb25d-6a60-41d4-9cb7-7b3fd735e7c9,michael.scott@example.com,michaelpass789,2025-04-27T11:10:00Z
6a4d3a7d-4055-4b65-b5d4-10dfcb6e2563,nina.dobrev@example.com,ninapass321,2025-04-27T11:20:00Z
7e0e3e6a-fbb5-420b-9531-7983836e4e56,oliver.queen@example.com,arrowpass999,2025-04-27T11:30:00Z
4c4e7b11-12b4-4ac2-91c7-52b27f2956cf,peter.parker@example.com,spiderman123,2025-04-27T11:40:00Z
a0c38d55-6ac7-41bb-b05e-8a6cfe2d92b7,queen.latifah@example.com,queenpass555,2025-04-27T11:50:00Z
d305e58d-8cc5-437b-86cf-b3696abdd6c4,richard.roe@example.com,richardpass888,2025-04-27T12:00:00Z
10e0d01d-0e14-405d-86ad-cd2e4aa77e3d,susan.boyle@example.com,susanpass1010,2025-04-27T12:10:00Z
cd474ffc-4f26-4fd6-8b96-97c9fb4d5e21,tony.stark@example.com,ironmanpass456,2025-04-27T12:20:00Z
